AÑO;MES;"NOMBRE DEL
APARCAMIENTO";"CÓDIDO
PAR";TIPO;"NUM
PLAZAS";"CÓDIGO
DISTRITO";DISTRITO;"Días
Cálculo";"Vehículos
día (media)";Ocupación (%);"Ocupación
9h-21h (%)";DATOS DE OCUPACIÓN EN APARCAMIENTOS DE ROTACIÓN AÑO 2023
2023;1;ALMAGRO;5000;ROT;453;7;CHAMBERI            ;31;180;39,70%;53,70%;
2023;2;ALMAGRO;5000;ROT;453;7;CHAMBERI            ;28;205;45,20%;60,90%;
2023;3;ALMAGRO;5000;ROT;453;7;CHAMBERI            ;31;194;42,80%;57,60%;
2023;4;ALMAGRO;5000;ROT;453;7;CHAMBERI            ;27;176;38,80%;52,00%;
2023;5;ALMAGRO;5000;ROT;453;7;CHAMBERI            ;31;184;40,60%;55,80%;
2023;6;ALMAGRO;5000;ROT;453;7;CHAMBERI            ;30;201;44,40%;59,70%;
2023;7;ALMAGRO;5000;ROT;453;7;CHAMBERI            ;31;168;37,20%;48,20%;
2023;8;ALMAGRO;5000;ROT;453;7;CHAMBERI            ;31;91;20,00%;25,20%;
2023;9;ALMAGRO;5000;ROT;453;7;CHAMBERI            ;30;186;41,00%;54,70%;
2023;10;ALMAGRO;5000;ROT;453;7;CHAMBERI            ;31;197;43,50%;58,60%;
2023;11;ALMAGRO;5000;ROT;453;7;CHAMBERI            ;29;215;47,60%;64,10%;
2023;12;ALMAGRO;5000;ROT;453;7;CHAMBERI            ;31;197;43,60%;56,10%;
2023;1;ARQUITECTO RIBERA;111;ROT;318;1;CENTRO              ;31;154;48,30%;70,10%;
2023;2;ARQUITECTO RIBERA;111;ROT;318;1;CENTRO              ;28;161;50,50%;73,50%;
2023;3;ARQUITECTO RIBERA;111;ROT;318;1;CENTRO              ;31;158;49,60%;69,20%;
2023;4;ARQUITECTO RIBERA;111;ROT;318;1;CENTRO              ;30;140;43,90%;59,30%;
2023;5;ARQUITECTO RIBERA;111;ROT;318;1;CENTRO              ;31;149;46,90%;64,80%;
2023;6;ARQUITECTO RIBERA;111;ROT;318;1;CENTRO              ;30;152;47,70%;66,60%;
2023;7;ARQUITECTO RIBERA;111;ROT;318;1;CENTRO              ;31;119;37,40%;51,40%;
2023;8;ARQUITECTO RIBERA;111;ROT;318;1;CENTRO              ;31;80;25,20%;33,60%;
2023;9;ARQUITECTO RIBERA;111;ROT;318;1;CENTRO              ;30;147;46,20%;64,70%;
2023;10;ARQUITECTO RIBERA;111;ROT;318;1;CENTRO              ;31;149;46,70%;66,30%;
2023;11;ARQUITECTO RIBERA;111;ROT;318;1;CENTRO              ;30;161;50,80%;71,30%;
2023;12;ARQUITECTO RIBERA;111;ROT;318;1;CENTRO              ;31;166;52,10%;71,90%;
2023;1;AVENIDA DE AMÉRICA;519;ROT;265;5;CHAMARTIN           ;31;114;43,00%;51,60%;
2023;2;AVENIDA DE AMÉRICA;519;ROT;265;5;CHAMARTIN           ;28;110;41,60%;50,00%;
2023;3;AVENIDA DE AMÉRICA;519;ROT;265;5;CHAMARTIN           ;31;108;40,70%;48,90%;
2023;4;AVENIDA DE AMÉRICA;519;ROT;265;5;CHAMARTIN           ;30;99;37,30%;45,00%;
2023;5;AVENIDA DE AMÉRICA;519;ROT;265;5;CHAMARTIN           ;31;103;39,10%;46,80%;
2023;6;AVENIDA DE AMÉRICA;519;ROT;265;5;CHAMARTIN           ;30;106;40,00%;48,70%;
2023;7;AVENIDA DE AMÉRICA;519;ROT;265;5;CHAMARTIN           ;31;95;35,80%;43,50%;
2023;8;AVENIDA DE AMÉRICA;519;ROT;265;5;CHAMARTIN           ;31;75;28,50%;34,90%;
2023;9;AVENIDA DE AMÉRICA;519;ROT;265;5;CHAMARTIN           ;30;104;39,40%;48,00%;
2023;10;AVENIDA DE AMÉRICA;519;ROT;265;5;CHAMARTIN           ;31;104;39,10%;47,20%;
2023;11;AVENIDA DE AMÉRICA;519;ROT;265;5;CHAMARTIN           ;30;103;38,90%;47,70%;
2023;12;AVENIDA DE AMÉRICA;519;ROT;265;5;CHAMARTIN           ;31;103;38,70%;46,70%;
2023;1;AVENIDA DE PORTUGAL;1022;ROT;428;10;LATINA              ;31;180;42,00%;57,90%;
2023;2;AVENIDA DE PORTUGAL;1022;ROT;428;10;LATINA              ;28;163;38,10%;54,00%;
2023;3;AVENIDA DE PORTUGAL;1022;ROT;428;10;LATINA              ;31;154;36,10%;50,10%;
2023;4;AVENIDA DE PORTUGAL;1022;ROT;428;10;LATINA              ;27;163;38,00%;54,20%;
2023;5;AVENIDA DE PORTUGAL;1022;ROT;428;10;LATINA              ;31;168;39,30%;55,90%;
2023;6;AVENIDA DE PORTUGAL;1022;ROT;428;10;LATINA              ;30;180;42,10%;60,40%;
2023;7;AVENIDA DE PORTUGAL;1022;ROT;428;10;LATINA              ;31;166;38,70%;51,90%;
2023;8;AVENIDA DE PORTUGAL;1022;ROT;428;10;LATINA              ;31;110;25,60%;32,40%;
2023;9;AVENIDA DE PORTUGAL;1022;ROT;428;10;LATINA              ;30;150;34,90%;48,10%;
2023;10;AVENIDA DE PORTUGAL;1022;ROT;428;10;LATINA              ;31;164;38,30%;52,60%;
2023;11;AVENIDA DE PORTUGAL;1022;ROT;428;10;LATINA              ;29;161;37,60%;52,10%;
2023;12;AVENIDA DE PORTUGAL;1022;ROT;428;10;LATINA              ;31;173;40,40%;53,00%;
2023;1;BRASIL;602;ROT;237;6;TETUAN              ;31;4;1,70%;3,00%;
2023;2;BRASIL;602;ROT;237;6;TETUAN              ;28;4;1,90%;3,30%;
2023;3;BRASIL;602;ROT;237;6;TETUAN              ;31;4;1,60%;2,80%;
2023;4;BRASIL;602;ROT;237;6;TETUAN              ;30;3;1,40%;2,50%;
2023;5;BRASIL;602;ROT;237;6;TETUAN              ;31;4;1,50%;2,70%;
2023;6;BRASIL;602;ROT;237;6;TETUAN              ;30;4;1,50%;2,70%;
2023;7;BRASIL;602;ROT;237;6;TETUAN              ;31;2;1,00%;1,80%;
2023;8;BRASIL;602;ROT;237;6;TETUAN              ;31;1;0,50%;0,80%;
2023;9;BRASIL;602;ROT;237;6;TETUAN              ;30;4;1,60%;2,90%;
2023;10;BRASIL;602;ROT;237;6;TETUAN              ;31;3;1,40%;2,50%;
2023;11;BRASIL;602;ROT;237;6;TETUAN              ;30;4;1,80%;3,20%;
2023;12;BRASIL;602;ROT;237;6;TETUAN              ;31;4;1,50%;2,60%;
2023;1;CASINO DE LA REINA;122;ROT;131;1;CENTRO              ;31;89;67,70%;76,90%;
2023;2;CASINO DE LA REINA;122;ROT;131;1;CENTRO              ;28;93;71,20%;81,40%;
2023;3;CASINO DE LA REINA;122;ROT;131;1;CENTRO              ;31;89;68,20%;77,60%;
2023;4;CASINO DE LA REINA;122;ROT;131;1;CENTRO              ;30;82;62,40%;70,70%;
2023;5;CASINO DE LA REINA;122;ROT;131;1;CENTRO              ;31;82;62,30%;70,40%;
2023;6;CASINO DE LA REINA;122;ROT;131;1;CENTRO              ;30;86;65,40%;74,40%;
2023;7;CASINO DE LA REINA;122;ROT;131;1;CENTRO              ;31;75;57,30%;64,10%;
2023;8;CASINO DE LA REINA;122;ROT;131;1;CENTRO              ;31;63;48,00%;52,20%;
2023;9;CASINO DE LA REINA;122;ROT;131;1;CENTRO              ;30;78;59,20%;67,30%;
2023;10;CASINO DE LA REINA;122;ROT;131;1;CENTRO              ;31;80;61,30%;69,30%;
2023;11;CASINO DE LA REINA;122;ROT;131;1;CENTRO              ;30;80;61,00%;69,40%;
2023;12;CASINO DE LA REINA;122;ROT;131;1;CENTRO              ;31;82;62,80%;71,20%;
2023;1;CONDESA DE GAVIA;607;ROT;146;6;TETUAN              ;26;1;0,80%;1,50%;
2023;2;CONDESA DE GAVIA;607;ROT;146;6;TETUAN              ;12;1;0,80%;1,50%;
2023;3;CONDESA DE GAVIA;607;ROT;146;6;TETUAN              ;26;1;0,80%;1,50%;
2023;4;CONDESA DE GAVIA;607;ROT;146;6;TETUAN              ;25;1;0,70%;1,40%;
2023;5;CONDESA DE GAVIA;607;ROT;146;6;TETUAN              ;30;1;0,60%;1,10%;
2023;6;CONDESA DE GAVIA;607;ROT;146;6;TETUAN              ;29;1;0,50%;0,90%;
2023;7;CONDESA DE GAVIA;607;ROT;146;6;TETUAN              ;29;1;0,50%;0,90%;
2023;8;CONDESA DE GAVIA;607;ROT;146;6;TETUAN              ;29;0;0,30%;0,60%;
2023;9;CONDESA DE GAVIA;607;ROT;146;6;TETUAN              ;29;1;0,70%;1,30%;
2023;10;CONDESA DE GAVIA;607;ROT;146;6;TETUAN              ;29;1;0,70%;1,30%;
2023;11;CONDESA DE GAVIA;607;ROT;146;6;TETUAN              ;28;1;0,80%;1,40%;
2023;1;CORAZÓN DE MARÍA II;511;ROT;320;5;CHAMARTIN           ;31;3;0,80%;1,50%;
2023;2;CORAZÓN DE MARÍA II;511;ROT;320;5;CHAMARTIN           ;28;3;0,90%;1,60%;
2023;3;CORAZÓN DE MARÍA II;511;ROT;320;5;CHAMARTIN           ;31;3;0,80%;1,40%;
2023;4;CORAZÓN DE MARÍA II;511;ROT;320;5;CHAMARTIN           ;29;2;0,60%;1,10%;
2023;5;CORAZÓN DE MARÍA II;511;ROT;320;5;CHAMARTIN           ;31;2;0,80%;1,40%;
2023;6;CORAZÓN DE MARÍA II;511;ROT;320;5;CHAMARTIN           ;30;3;0,80%;1,50%;
2023;7;CORAZÓN DE MARÍA II;511;ROT;320;5;CHAMARTIN           ;31;2;0,60%;1,00%;
2023;8;CORAZÓN DE MARÍA II;511;ROT;320;5;CHAMARTIN           ;31;1;0,20%;0,40%;
2023;9;CORAZÓN DE MARÍA II;511;ROT;320;5;CHAMARTIN           ;30;2;0,70%;1,30%;
2023;10;CORAZÓN DE MARÍA II;511;ROT;320;5;CHAMARTIN           ;31;3;0,80%;1,40%;
2023;11;CORAZÓN DE MARÍA II;511;ROT;320;5;CHAMARTIN           ;30;3;0,80%;1,50%;
2023;12;CORAZÓN DE MARÍA II;511;ROT;320;5;CHAMARTIN           ;31;2;0,80%;1,40%;
2023;1;CORONA BOREAL;911;ROT;125;9;MONCLOA-ARAVACA     ;30;7;5,70%;11,30%;
2023;2;CORONA BOREAL;911;ROT;125;9;MONCLOA-ARAVACA     ;28;7;5,50%;10,80%;
2023;3;CORONA BOREAL;911;ROT;125;9;MONCLOA-ARAVACA     ;31;8;6,10%;12,10%;
2023;4;CORONA BOREAL;911;ROT;125;9;MONCLOA-ARAVACA     ;30;7;5,30%;10,50%;
2023;5;CORONA BOREAL;911;ROT;125;9;MONCLOA-ARAVACA     ;31;8;6,70%;13,30%;
2023;6;CORONA BOREAL;911;ROT;125;9;MONCLOA-ARAVACA     ;30;9;6,80%;13,60%;
2023;7;CORONA BOREAL;911;ROT;125;9;MONCLOA-ARAVACA     ;30;7;5,60%;11,00%;
2023;8;CORONA BOREAL;911;ROT;125;9;MONCLOA-ARAVACA     ;31;2;1,50%;2,90%;
2023;9;CORONA BOREAL;911;ROT;125;9;MONCLOA-ARAVACA     ;30;7;5,80%;11,50%;
2023;10;CORONA BOREAL;911;ROT;125;9;MONCLOA-ARAVACA     ;31;7;5,50%;11,00%;
2023;11;CORONA BOREAL;911;ROT;125;9;MONCLOA-ARAVACA     ;30;7;5,90%;11,70%;
2023;12;CORONA BOREAL;911;ROT;125;9;MONCLOA-ARAVACA     ;31;7;5,80%;11,40%;
2023;1;DAOÍZ Y VELARDE;319;ROT;235;3;RETIRO              ;31;108;45,80%;55,90%;
2023;2;DAOÍZ Y VELARDE;319;ROT;235;3;RETIRO              ;28;99;42,00%;51,90%;
2023;3;DAOÍZ Y VELARDE;319;ROT;235;3;RETIRO              ;31;99;42,10%;51,20%;
2023;4;DAOÍZ Y VELARDE;319;ROT;235;3;RETIRO              ;30;93;39,80%;46,70%;
2023;5;DAOÍZ Y VELARDE;319;ROT;235;3;RETIRO              ;31;91;38,90%;46,50%;
2023;6;DAOÍZ Y VELARDE;319;ROT;235;3;RETIRO              ;30;95;40,40%;49,30%;
2023;7;DAOÍZ Y VELARDE;319;ROT;235;3;RETIRO              ;31;86;36,60%;43,10%;
2023;8;DAOÍZ Y VELARDE;319;ROT;235;3;RETIRO              ;31;76;32,50%;35,70%;
2023;9;DAOÍZ Y VELARDE;319;ROT;235;3;RETIRO              ;30;103;43,90%;53,40%;
2023;10;DAOÍZ Y VELARDE;319;ROT;235;3;RETIRO              ;31;106;45,30%;56,40%;
2023;11;DAOÍZ Y VELARDE;319;ROT;235;3;RETIRO              ;30;107;45,60%;57,70%;
2023;12;DAOÍZ Y VELARDE;319;ROT;235;3;RETIRO              ;31;109;46,60%;57,70%;
2023;1;DESCALZAS;5003;ROT;400;1;CENTRO              ;31;102;25,40%;34,50%;
2023;2;DESCALZAS;5003;ROT;400;1;CENTRO              ;28;91;22,80%;30,80%;
2023;3;DESCALZAS;5003;ROT;400;1;CENTRO              ;31;90;22,50%;29,90%;
2023;4;DESCALZAS;5003;ROT;400;1;CENTRO              ;30;91;22,80%;29,60%;
2023;5;DESCALZAS;5003;ROT;400;1;CENTRO              ;31;80;20,00%;27,20%;
2023;6;DESCALZAS;5003;ROT;400;1;CENTRO              ;30;91;22,80%;30,70%;
2023;7;DESCALZAS;5003;ROT;400;1;CENTRO              ;31;101;25,30%;30,80%;
2023;8;DESCALZAS;5003;ROT;400;1;CENTRO              ;31;87;21,70%;27,00%;
2023;9;DESCALZAS;5003;ROT;400;1;CENTRO              ;30;96;24,00%;31,60%;
2023;10;DESCALZAS;5003;ROT;400;1;CENTRO              ;31;94;23,50%;31,50%;
2023;11;DESCALZAS;5003;ROT;400;1;CENTRO              ;30;107;26,90%;36,60%;
2023;12;DESCALZAS;5003;ROT;400;1;CENTRO              ;31;147;36,80%;51,50%;
2023;1;DÍAZ PORLIER;416;ROT;203;4;SALAMANCA           ;31;101;49,70%;72,10%;
2023;2;DÍAZ PORLIER;416;ROT;203;4;SALAMANCA           ;28;105;51,90%;75,90%;
2023;3;DÍAZ PORLIER;416;ROT;203;4;SALAMANCA           ;31;104;51,20%;76,20%;
2023;4;DÍAZ PORLIER;416;ROT;203;4;SALAMANCA           ;30;85;42,10%;61,30%;
2023;5;DÍAZ PORLIER;416;ROT;203;4;SALAMANCA           ;31;97;47,70%;70,90%;
2023;6;DÍAZ PORLIER;416;ROT;203;4;SALAMANCA           ;30;98;48,10%;73,10%;
2023;7;DÍAZ PORLIER;416;ROT;203;4;SALAMANCA           ;31;68;33,70%;50,90%;
2023;8;DÍAZ PORLIER;416;ROT;203;4;SALAMANCA           ;31;39;19,30%;29,40%;
2023;9;DÍAZ PORLIER;416;ROT;203;4;SALAMANCA           ;30;93;45,60%;67,80%;
2023;10;DÍAZ PORLIER;416;ROT;203;4;SALAMANCA           ;31;99;48,60%;72,30%;
2023;11;DÍAZ PORLIER;416;ROT;203;4;SALAMANCA           ;30;102;50,20%;74,20%;
2023;12;DÍAZ PORLIER;416;ROT;203;4;SALAMANCA           ;31;92;45,50%;65,30%;
2023;1;ENCUENTRO;1419;ROT;90;14;MORATALAZ           ;31;1;0,90%;1,10%;
2023;2;ENCUENTRO;1419;ROT;90;14;MORATALAZ           ;28;1;0,70%;0,90%;
2023;3;ENCUENTRO;1419;ROT;90;14;MORATALAZ           ;31;1;0,80%;1,10%;
2023;4;ENCUENTRO;1419;ROT;90;14;MORATALAZ           ;30;1;0,70%;0,90%;
2023;5;ENCUENTRO;1419;ROT;90;14;MORATALAZ           ;31;1;0,90%;1,10%;
2023;6;ENCUENTRO;1419;ROT;90;14;MORATALAZ           ;30;1;0,70%;0,90%;
2023;7;ENCUENTRO;1419;ROT;90;14;MORATALAZ           ;30;0;0,40%;0,50%;
2023;8;ENCUENTRO;1419;ROT;90;14;MORATALAZ           ;31;0;0,30%;0,40%;
2023;9;ENCUENTRO;1419;ROT;90;14;MORATALAZ           ;30;1;0,70%;0,90%;
2023;10;ENCUENTRO;1419;ROT;90;14;MORATALAZ           ;31;1;0,70%;0,80%;
2023;11;ENCUENTRO;1419;ROT;90;14;MORATALAZ           ;30;1;0,70%;0,90%;
2023;12;ENCUENTRO;1419;ROT;90;14;MORATALAZ           ;31;1;1,00%;1,40%;
2023;1;FELIPE II;422;ROT;1175;4;SALAMANCA           ;31;116;9,80%;18,70%;
2023;2;FELIPE II;422;ROT;1175;4;SALAMANCA           ;28;90;7,70%;14,50%;
2023;3;FELIPE II;422;ROT;1175;4;SALAMANCA           ;31;88;7,50%;14,20%;
2023;4;FELIPE II;422;ROT;1175;4;SALAMANCA           ;30;79;6,70%;12,70%;
2023;5;FELIPE II;422;ROT;1175;4;SALAMANCA           ;31;87;7,40%;14,00%;
2023;6;FELIPE II;422;ROT;1175;4;SALAMANCA           ;30;99;8,40%;15,60%;
2023;7;FELIPE II;422;ROT;1175;4;SALAMANCA           ;31;90;7,70%;14,30%;
2023;8;FELIPE II;422;ROT;1175;4;SALAMANCA           ;31;57;4,90%;9,10%;
2023;9;FELIPE II;422;ROT;1175;4;SALAMANCA           ;30;85;7,20%;13,40%;
2023;10;FELIPE II;422;ROT;1175;4;SALAMANCA           ;31;93;7,90%;14,80%;
2023;11;FELIPE II;422;ROT;1175;4;SALAMANCA           ;30;107;9,10%;17,10%;
2023;12;FELIPE II;422;ROT;1175;4;SALAMANCA           ;31;125;10,60%;19,80%;
2023;1;FERNÁNDEZ SHAW;5005;ROT;243;3;RETIRO              ;31;32;13,30%;20,30%;
2023;2;FERNÁNDEZ SHAW;5005;ROT;243;3;RETIRO              ;28;62;25,40%;39,20%;
2023;3;FERNÁNDEZ SHAW;5005;ROT;243;3;RETIRO              ;31;38;15,60%;24,00%;
2023;4;FERNÁNDEZ SHAW;5005;ROT;243;3;RETIRO              ;30;32;13,30%;19,80%;
2023;5;FERNÁNDEZ SHAW;5005;ROT;243;3;RETIRO              ;31;36;15,00%;23,10%;
2023;6;FERNÁNDEZ SHAW;5005;ROT;243;3;RETIRO              ;30;35;14,30%;23,20%;
2023;7;FERNÁNDEZ SHAW;5005;ROT;243;3;RETIRO              ;31;29;12,00%;17,30%;
2023;8;FERNÁNDEZ SHAW;5005;ROT;243;3;RETIRO              ;31;21;8,80%;10,00%;
2023;9;FERNÁNDEZ SHAW;5005;ROT;243;3;RETIRO              ;30;37;15,20%;22,20%;
2023;10;FERNÁNDEZ SHAW;5005;ROT;243;3;RETIRO              ;31;40;16,50%;25,70%;
2023;11;FERNÁNDEZ SHAW;5005;ROT;243;3;RETIRO              ;30;43;17,70%;26,30%;
2023;12;FERNÁNDEZ SHAW;5005;ROT;243;3;RETIRO              ;29;25;10,50%;16,30%;
2023;1;FUENCARRAL;714;ROT;300;7;CHAMBERI            ;31;149;49,70%;64,80%;
2023;2;FUENCARRAL;714;ROT;300;7;CHAMBERI            ;28;151;50,40%;65,20%;
2023;3;FUENCARRAL;714;ROT;300;7;CHAMBERI            ;31;148;49,20%;61,80%;
2023;4;FUENCARRAL;714;ROT;300;7;CHAMBERI            ;27;141;46,90%;58,30%;
2023;5;FUENCARRAL;714;ROT;300;7;CHAMBERI            ;31;145;48,20%;61,10%;
2023;6;FUENCARRAL;714;ROT;300;7;CHAMBERI            ;30;160;53,50%;65,50%;
2023;7;FUENCARRAL;714;ROT;300;7;CHAMBERI            ;31;142;47,40%;56,20%;
2023;8;FUENCARRAL;714;ROT;300;7;CHAMBERI            ;31;108;36,10%;41,40%;
2023;9;FUENCARRAL;714;ROT;300;7;CHAMBERI            ;30;147;49,20%;59,90%;
2023;10;FUENCARRAL;714;ROT;300;7;CHAMBERI            ;31;148;49,50%;60,90%;
2023;11;FUENCARRAL;714;ROT;300;7;CHAMBERI            ;29;162;54,00%;67,30%;
2023;12;FUENCARRAL;714;ROT;300;7;CHAMBERI            ;31;161;53,60%;66,80%;
2023;1;HERNANI;617;ROT;115;6;TETUAN              ;31;57;49,40%;84,30%;
2023;2;HERNANI;617;ROT;115;6;TETUAN              ;28;68;59,00%;106,20%;
2023;3;HERNANI;617;ROT;115;6;TETUAN              ;31;49;42,90%;75,60%;
2023;4;HERNANI;617;ROT;115;6;TETUAN              ;30;44;38,10%;65,60%;
2023;5;HERNANI;617;ROT;115;6;TETUAN              ;31;48;41,90%;73,00%;
2023;6;HERNANI;617;ROT;115;6;TETUAN              ;30;52;45,20%;78,80%;
2023;7;HERNANI;617;ROT;115;6;TETUAN              ;31;43;37,50%;66,70%;
2023;8;HERNANI;617;ROT;115;6;TETUAN              ;31;19;16,70%;30,40%;
2023;9;HERNANI;617;ROT;115;6;TETUAN              ;30;48;41,30%;72,00%;
2023;10;HERNANI;617;ROT;115;6;TETUAN              ;31;53;46,20%;82,50%;
2023;11;HERNANI;617;ROT;115;6;TETUAN              ;30;64;55,70%;95,20%;
2023;12;HERNANI;617;ROT;115;6;TETUAN              ;31;59;51,40%;84,80%;
2023;1;JACINTO BENAVENTE;110;ROT;387;1;CENTRO              ;31;240;62,10%;76,40%;
2023;2;JACINTO BENAVENTE;110;ROT;387;1;CENTRO              ;28;235;60,70%;74,80%;
2023;3;JACINTO BENAVENTE;110;ROT;387;1;CENTRO              ;31;240;62,10%;74,60%;
2023;4;JACINTO BENAVENTE;110;ROT;387;1;CENTRO              ;27;228;59,00%;70,50%;
2023;5;JACINTO BENAVENTE;110;ROT;387;1;CENTRO              ;31;217;56,10%;68,20%;
2023;6;JACINTO BENAVENTE;110;ROT;387;1;CENTRO              ;30;234;60,60%;72,10%;
2023;7;JACINTO BENAVENTE;110;ROT;387;1;CENTRO              ;31;227;58,70%;68,20%;
2023;8;JACINTO BENAVENTE;110;ROT;387;1;CENTRO              ;31;213;55,00%;63,60%;
2023;9;JACINTO BENAVENTE;110;ROT;387;1;CENTRO              ;30;227;58,50%;69,80%;
2023;10;JACINTO BENAVENTE;110;ROT;387;1;CENTRO              ;31;226;58,40%;70,00%;
2023;11;JACINTO BENAVENTE;110;ROT;387;1;CENTRO              ;29;248;64,00%;77,70%;
2023;12;JACINTO BENAVENTE;110;ROT;387;1;CENTRO              ;31;270;69,70%;86,20%;
2023;1;JOSÉ CASTÁN TOBEÑAS;604;ROT;226;6;TETUAN              ;31;35;15,70%;23,80%;
2023;2;JOSÉ CASTÁN TOBEÑAS;604;ROT;226;6;TETUAN              ;28;39;17,10%;26,60%;
2023;3;JOSÉ CASTÁN TOBEÑAS;604;ROT;226;6;TETUAN              ;31;38;16,80%;25,70%;
2023;4;JOSÉ CASTÁN TOBEÑAS;604;ROT;226;6;TETUAN              ;30;32;14,10%;21,30%;
2023;5;JOSÉ CASTÁN TOBEÑAS;604;ROT;226;6;TETUAN              ;31;37;16,50%;25,80%;
2023;6;JOSÉ CASTÁN TOBEÑAS;604;ROT;226;6;TETUAN              ;30;36;15,90%;26,10%;
2023;7;JOSÉ CASTÁN TOBEÑAS;604;ROT;226;6;TETUAN              ;31;25;10,90%;18,20%;
2023;8;JOSÉ CASTÁN TOBEÑAS;604;ROT;226;6;TETUAN              ;31;11;4,90%;6,50%;
2023;9;JOSÉ CASTÁN TOBEÑAS;604;ROT;226;6;TETUAN              ;30;31;13,60%;21,70%;
2023;10;JOSÉ CASTÁN TOBEÑAS;604;ROT;226;6;TETUAN              ;31;35;15,70%;25,30%;
2023;11;JOSÉ CASTÁN TOBEÑAS;604;ROT;226;6;TETUAN              ;30;41;18,10%;28,40%;
2023;12;JOSÉ CASTÁN TOBEÑAS;604;ROT;226;6;TETUAN              ;31;38;16,60%;24,80%;
2023;1;LUNA TUDESCOS;5006;ROT;481;1;CENTRO              ;31;107;22,20%;32,80%;
2023;2;LUNA TUDESCOS;5006;ROT;481;1;CENTRO              ;28;197;41,00%;53,00%;
2023;3;LUNA TUDESCOS;5006;ROT;481;1;CENTRO              ;31;192;39,80%;51,90%;
2023;4;LUNA TUDESCOS;5006;ROT;481;1;CENTRO              ;30;119;24,70%;34,00%;
2023;5;LUNA TUDESCOS;5006;ROT;481;1;CENTRO              ;31;121;25,10%;35,10%;
2023;6;LUNA TUDESCOS;5006;ROT;481;1;CENTRO              ;30;106;22,00%;31,40%;
2023;7;LUNA TUDESCOS;5006;ROT;481;1;CENTRO              ;31;123;25,60%;34,20%;
2023;8;LUNA TUDESCOS;5006;ROT;481;1;CENTRO              ;31;105;21,80%;27,80%;
2023;9;LUNA TUDESCOS;5006;ROT;481;1;CENTRO              ;30;205;42,60%;54,40%;
2023;10;LUNA TUDESCOS;5006;ROT;481;1;CENTRO              ;31;168;34,90%;45,80%;
2023;11;LUNA TUDESCOS;5006;ROT;481;1;CENTRO              ;30;210;43,70%;58,10%;
2023;12;LUNA TUDESCOS;5006;ROT;481;1;CENTRO              ;31;196;40,70%;54,00%;
2023;1;MARQUÉS DE SALAMANCA;420;ROT;364;4;SALAMANCA           ;31;113;31,00%;43,20%;
2023;2;MARQUÉS DE SALAMANCA;420;ROT;364;4;SALAMANCA           ;28;150;41,30%;55,60%;
2023;3;MARQUÉS DE SALAMANCA;420;ROT;364;4;SALAMANCA           ;31;105;28,70%;40,20%;
2023;4;MARQUÉS DE SALAMANCA;420;ROT;364;4;SALAMANCA           ;27;85;23,40%;33,50%;
2023;5;MARQUÉS DE SALAMANCA;420;ROT;364;4;SALAMANCA           ;31;76;20,80%;31,70%;
2023;6;MARQUÉS DE SALAMANCA;420;ROT;364;4;SALAMANCA           ;30;94;25,90%;38,30%;
2023;7;MARQUÉS DE SALAMANCA;420;ROT;364;4;SALAMANCA           ;31;128;35,20%;45,00%;
2023;8;MARQUÉS DE SALAMANCA;420;ROT;364;4;SALAMANCA           ;31;56;15,30%;19,40%;
2023;9;MARQUÉS DE SALAMANCA;420;ROT;364;4;SALAMANCA           ;30;227;62,20%;74,20%;
2023;10;MARQUÉS DE SALAMANCA;420;ROT;364;4;SALAMANCA           ;31;84;23,10%;34,40%;
2023;11;MARQUÉS DE SALAMANCA;420;ROT;364;4;SALAMANCA           ;29;97;26,70%;39,60%;
2023;12;MARQUÉS DE SALAMANCA;420;ROT;364;4;SALAMANCA           ;31;92;25,20%;35,10%;
2023;1;MARQUÉS DE URQUIJO;5007;ROT;436;9;MONCLOA-ARAVACA     ;31;57;13,10%;20,80%;
2023;2;MARQUÉS DE URQUIJO;5007;ROT;436;9;MONCLOA-ARAVACA     ;28;51;11,60%;19,40%;
2023;3;MARQUÉS DE URQUIJO;5007;ROT;436;9;MONCLOA-ARAVACA     ;31;48;11,10%;18,60%;
2023;4;MARQUÉS DE URQUIJO;5007;ROT;436;9;MONCLOA-ARAVACA     ;30;43;9,80%;15,90%;
2023;5;MARQUÉS DE URQUIJO;5007;ROT;436;9;MONCLOA-ARAVACA     ;31;46;10,50%;17,90%;
2023;6;MARQUÉS DE URQUIJO;5007;ROT;436;9;MONCLOA-ARAVACA     ;30;47;10,70%;17,80%;
2023;7;MARQUÉS DE URQUIJO;5007;ROT;436;9;MONCLOA-ARAVACA     ;31;31;7,10%;11,40%;
2023;8;MARQUÉS DE URQUIJO;5007;ROT;436;9;MONCLOA-ARAVACA     ;31;13;3,10%;4,90%;
2023;9;MARQUÉS DE URQUIJO;5007;ROT;436;9;MONCLOA-ARAVACA     ;30;43;9,80%;15,80%;
2023;10;MARQUÉS DE URQUIJO;5007;ROT;436;9;MONCLOA-ARAVACA     ;31;48;11,00%;18,00%;
2023;11;MARQUÉS DE URQUIJO;5007;ROT;436;9;MONCLOA-ARAVACA     ;30;43;10,00%;17,20%;
2023;12;MARQUÉS DE URQUIJO;5007;ROT;436;9;MONCLOA-ARAVACA     ;31;61;13,90%;21,40%;
2023;1;MIGUEL YUSTE;2005;ROT;250;20;SAN BLAS-CANILLEJAS ;21;3;1,20%;1,60%;
2023;2;MIGUEL YUSTE;2005;ROT;250;20;SAN BLAS-CANILLEJAS ;20;3;1,30%;1,90%;
2023;3;MIGUEL YUSTE;2005;ROT;250;20;SAN BLAS-CANILLEJAS ;23;3;1,20%;1,70%;
2023;4;MIGUEL YUSTE;2005;ROT;250;20;SAN BLAS-CANILLEJAS ;18;3;1,10%;1,50%;
2023;5;MIGUEL YUSTE;2005;ROT;250;20;SAN BLAS-CANILLEJAS ;21;3;1,30%;1,80%;
2023;6;MIGUEL YUSTE;2005;ROT;250;20;SAN BLAS-CANILLEJAS ;22;3;1,20%;1,60%;
2023;7;MIGUEL YUSTE;2005;ROT;250;20;SAN BLAS-CANILLEJAS ;21;3;1,00%;1,40%;
2023;8;MIGUEL YUSTE;2005;ROT;250;20;SAN BLAS-CANILLEJAS ;22;1;0,60%;0,50%;
2023;9;MIGUEL YUSTE;2005;ROT;250;20;SAN BLAS-CANILLEJAS ;21;2;0,90%;0,90%;
2023;10;MIGUEL YUSTE;2005;ROT;250;20;SAN BLAS-CANILLEJAS ;21;3;1,20%;1,10%;
2023;11;MIGUEL YUSTE;2005;ROT;250;20;SAN BLAS-CANILLEJAS ;20;3;1,20%;1,00%;
2023;12;MIGUEL YUSTE;2005;ROT;250;20;SAN BLAS-CANILLEJAS ;17;3;1,10%;1,00%;
2023;1;MONTALBÁN;5009;ROT;130;3;RETIRO              ;31;73;56,10%;82,10%;
2023;2;MONTALBÁN;5009;ROT;130;3;RETIRO              ;28;73;56,10%;85,10%;
2023;3;MONTALBÁN;5009;ROT;130;3;RETIRO              ;31;71;55,00%;81,90%;
2023;4;MONTALBÁN;5009;ROT;130;3;RETIRO              ;27;69;53,00%;79,00%;
2023;5;MONTALBÁN;5009;ROT;130;3;RETIRO              ;31;70;54,00%;80,50%;
2023;6;MONTALBÁN;5009;ROT;130;3;RETIRO              ;30;75;57,40%;85,10%;
2023;7;MONTALBÁN;5009;ROT;130;3;RETIRO              ;31;67;51,50%;72,20%;
2023;8;MONTALBÁN;5009;ROT;130;3;RETIRO              ;31;54;41,60%;55,50%;
2023;9;MONTALBÁN;5009;ROT;130;3;RETIRO              ;30;72;55,10%;80,30%;
2023;10;MONTALBÁN;5009;ROT;130;3;RETIRO              ;31;70;53,70%;79,50%;
2023;11;MONTALBÁN;5009;ROT;130;3;RETIRO              ;29;72;55,00%;84,30%;
2023;12;MONTALBÁN;5009;ROT;130;3;RETIRO              ;31;81;62,20%;89,60%;
2023;1;MOSTENSES;5010;ROT;362;1;CENTRO              ;31;125;34,60%;41,80%;
2023;2;MOSTENSES;5010;ROT;362;1;CENTRO              ;28;126;34,70%;42,30%;
2023;3;MOSTENSES;5010;ROT;362;1;CENTRO              ;31;153;42,30%;50,60%;
2023;4;MOSTENSES;5010;ROT;362;1;CENTRO              ;30;148;40,90%;47,80%;
2023;5;MOSTENSES;5010;ROT;362;1;CENTRO              ;31;172;47,50%;53,50%;
2023;6;MOSTENSES;5010;ROT;362;1;CENTRO              ;30;181;50,10%;58,50%;
2023;7;MOSTENSES;5010;ROT;362;1;CENTRO              ;31;151;41,80%;47,90%;
2023;8;MOSTENSES;5010;ROT;362;1;CENTRO              ;31;130;35,80%;39,90%;
2023;9;MOSTENSES;5010;ROT;362;1;CENTRO              ;30;131;36,20%;42,60%;
2023;10;MOSTENSES;5010;ROT;362;1;CENTRO              ;31;109;30,20%;35,90%;
2023;11;MOSTENSES;5010;ROT;362;1;CENTRO              ;30;119;32,90%;39,20%;
2023;12;MOSTENSES;5010;ROT;362;1;CENTRO              ;31;163;45,00%;51,80%;
2023;1;MUSEO DE LA CIUDAD;5011;ROT;149;5;CHAMARTIN           ;31;3;1,90%;3,80%;
2023;2;MUSEO DE LA CIUDAD;5011;ROT;149;5;CHAMARTIN           ;28;3;2,20%;4,30%;
2023;3;MUSEO DE LA CIUDAD;5011;ROT;149;5;CHAMARTIN           ;31;3;1,80%;3,50%;
2023;4;MUSEO DE LA CIUDAD;5011;ROT;149;5;CHAMARTIN           ;30;2;1,40%;2,60%;
2023;5;MUSEO DE LA CIUDAD;5011;ROT;149;5;CHAMARTIN           ;31;2;1,60%;3,10%;
2023;6;MUSEO DE LA CIUDAD;5011;ROT;149;5;CHAMARTIN           ;30;2;1,60%;3,20%;
2023;7;MUSEO DE LA CIUDAD;5011;ROT;149;5;CHAMARTIN           ;31;1;0,60%;1,20%;
2023;8;MUSEO DE LA CIUDAD;5011;ROT;149;5;CHAMARTIN           ;30;0;0,20%;0,30%;
2023;9;MUSEO DE LA CIUDAD;5011;ROT;149;5;CHAMARTIN           ;30;2;1,10%;2,00%;
2023;10;MUSEO DE LA CIUDAD;5011;ROT;149;5;CHAMARTIN           ;31;2;1,40%;2,70%;
2023;11;MUSEO DE LA CIUDAD;5011;ROT;149;5;CHAMARTIN           ;30;3;1,70%;3,30%;
2023;12;MUSEO DE LA CIUDAD;5011;ROT;149;5;CHAMARTIN           ;31;2;1,60%;3,10%;
2023;1;OLAVIDE;5012;ROT;375;7;CHAMBERI            ;31;163;43,60%;52,00%;
2023;2;OLAVIDE;5012;ROT;375;7;CHAMBERI            ;28;167;44,40%;53,30%;
2023;3;OLAVIDE;5012;ROT;375;7;CHAMBERI            ;31;202;54,00%;62,10%;
2023;4;OLAVIDE;5012;ROT;375;7;CHAMBERI            ;27;195;52,00%;59,80%;
2023;5;OLAVIDE;5012;ROT;375;7;CHAMBERI            ;31;211;56,30%;66,10%;
2023;6;OLAVIDE;5012;ROT;375;7;CHAMBERI            ;30;217;57,80%;66,60%;
2023;7;OLAVIDE;5012;ROT;375;7;CHAMBERI            ;31;183;48,80%;55,10%;
2023;8;OLAVIDE;5012;ROT;375;7;CHAMBERI            ;31;144;38,40%;42,70%;
2023;9;OLAVIDE;5012;ROT;375;7;CHAMBERI            ;30;63;16,90%;20,50%;
2023;10;OLAVIDE;5012;ROT;375;7;CHAMBERI            ;31;220;58,60%;67,60%;
2023;11;OLAVIDE;5012;ROT;375;7;CHAMBERI            ;29;223;59,40%;70,30%;
2023;12;OLAVIDE;5012;ROT;375;7;CHAMBERI            ;31;236;63,00%;73,20%;
2023;1;ORENSE;610;ROT;144;6;TETUAN              ;31;58;40,00%;49,20%;
2023;2;ORENSE;610;ROT;144;6;TETUAN              ;28;58;40,50%;51,10%;
2023;3;ORENSE;610;ROT;144;6;TETUAN              ;31;59;41,00%;50,90%;
2023;4;ORENSE;610;ROT;144;6;TETUAN              ;27;56;38,80%;47,90%;
2023;5;ORENSE;610;ROT;144;6;TETUAN              ;31;58;40,40%;49,50%;
2023;6;ORENSE;610;ROT;144;6;TETUAN              ;30;57;39,70%;49,00%;
2023;7;ORENSE;610;ROT;144;6;TETUAN              ;31;54;37,70%;44,20%;
2023;8;ORENSE;610;ROT;144;6;TETUAN              ;31;42;29,40%;33,70%;
2023;9;ORENSE;610;ROT;144;6;TETUAN              ;30;63;44,00%;53,30%;
2023;10;ORENSE;610;ROT;144;6;TETUAN              ;31;53;36,90%;46,00%;
2023;11;ORENSE;610;ROT;144;6;TETUAN              ;29;59;41,00%;50,60%;
2023;12;ORENSE;610;ROT;144;6;TETUAN              ;31;64;44,30%;51,80%;
2023;1;PEDRO ZEROLO;101;ROT;113;1;CENTRO              ;31;79;70,20%;90,40%;
2023;2;PEDRO ZEROLO;101;ROT;113;1;CENTRO              ;28;80;70,50%;91,10%;
2023;3;PEDRO ZEROLO;101;ROT;113;1;CENTRO              ;31;76;67,70%;86,30%;
2023;4;PEDRO ZEROLO;101;ROT;113;1;CENTRO              ;27;80;70,90%;88,10%;
2023;5;PEDRO ZEROLO;101;ROT;113;1;CENTRO              ;31;79;69,80%;89,00%;
2023;6;PEDRO ZEROLO;101;ROT;113;1;CENTRO              ;30;88;77,60%;89,90%;
2023;7;PEDRO ZEROLO;101;ROT;113;1;CENTRO              ;31;88;77,50%;92,00%;
2023;8;PEDRO ZEROLO;101;ROT;113;1;CENTRO              ;26;77;68,00%;79,70%;
2023;9;PEDRO ZEROLO;101;ROT;113;1;CENTRO              ;30;83;73,20%;90,40%;
2023;10;PEDRO ZEROLO;101;ROT;113;1;CENTRO              ;31;85;75,40%;93,30%;
2023;11;PEDRO ZEROLO;101;ROT;113;1;CENTRO              ;29;81;71,90%;91,70%;
2023;12;PEDRO ZEROLO;101;ROT;113;1;CENTRO              ;31;90;79,30%;97,30%;
2023;1;PLAZA DE COLÓN;5001;ROT;612;1;CENTRO              ;31;263;43,00%;64,10%;
2023;2;PLAZA DE COLÓN;5001;ROT;612;1;CENTRO              ;28;259;42,30%;64,40%;
2023;3;PLAZA DE COLÓN;5001;ROT;612;1;CENTRO              ;31;251;41,00%;62,80%;
2023;4;PLAZA DE COLÓN;5001;ROT;612;1;CENTRO              ;30;230;37,60%;55,70%;
2023;5;PLAZA DE COLÓN;5001;ROT;612;1;CENTRO              ;31;252;41,10%;61,60%;
2023;6;PLAZA DE COLÓN;5001;ROT;612;1;CENTRO              ;30;262;42,70%;64,40%;
2023;7;PLAZA DE COLÓN;5001;ROT;612;1;CENTRO              ;31;220;35,90%;52,40%;
2023;8;PLAZA DE COLÓN;5001;ROT;612;1;CENTRO              ;31;147;24,10%;31,50%;
2023;9;PLAZA DE COLÓN;5001;ROT;612;1;CENTRO              ;30;258;42,20%;63,00%;
2023;10;PLAZA DE COLÓN;5001;ROT;612;1;CENTRO              ;31;272;44,40%;66,00%;
2023;11;PLAZA DE COLÓN;5001;ROT;612;1;CENTRO              ;30;286;46,70%;70,00%;
2023;12;PLAZA DE COLÓN;5001;ROT;612;1;CENTRO              ;31;306;49,90%;72,80%;
2023;1;PLAZA DE ESPAÑA;5004;ROT;824;1;CENTRO;31;530;64,30%;78,00%;
2023;2;PLAZA DE ESPAÑA;5004;ROT;824;1;CENTRO;28;511;62,10%;75,10%;
2023;3;PLAZA DE ESPAÑA;5004;ROT;824;1;CENTRO;31;523;63,50%;74,70%;
2023;4;PLAZA DE ESPAÑA;5004;ROT;824;1;CENTRO;27;521;63,20%;74,70%;
2023;5;PLAZA DE ESPAÑA;5004;ROT;824;1;CENTRO;31;526;63,80%;76,30%;
2023;6;PLAZA DE ESPAÑA;5004;ROT;824;1;CENTRO;30;541;65,70%;77,00%;
2023;7;PLAZA DE ESPAÑA;5004;ROT;824;1;CENTRO;31;518;62,90%;70,70%;
2023;8;PLAZA DE ESPAÑA;5004;ROT;824;1;CENTRO;31;494;59,90%;66,60%;
2023;9;PLAZA DE ESPAÑA;5004;ROT;824;1;CENTRO;30;553;67,10%;78,10%;
2023;10;PLAZA DE ESPAÑA;5004;ROT;824;1;CENTRO;31;542;65,70%;78,10%;
2023;11;PLAZA DE ESPAÑA;5004;ROT;824;1;CENTRO;29;542;65,80%;79,60%;
2023;12;PLAZA DE ESPAÑA;5004;ROT;824;1;CENTRO;31;595;72,20%;88,40%;
2023;1;PLAZA DE LAS CORTES;5002;ROT;480;1;CENTRO              ;31;210;43,70%;64,60%;
2023;2;PLAZA DE LAS CORTES;5002;ROT;480;1;CENTRO              ;28;214;44,50%;66,70%;
2023;3;PLAZA DE LAS CORTES;5002;ROT;480;1;CENTRO              ;31;206;42,80%;64,40%;
2023;4;PLAZA DE LAS CORTES;5002;ROT;480;1;CENTRO              ;30;188;39,10%;57,40%;
2023;5;PLAZA DE LAS CORTES;5002;ROT;480;1;CENTRO              ;31;183;38,20%;57,70%;
2023;6;PLAZA DE LAS CORTES;5002;ROT;480;1;CENTRO              ;30;196;40,90%;61,30%;
2023;7;PLAZA DE LAS CORTES;5002;ROT;480;1;CENTRO              ;31;144;30,10%;43,00%;
2023;8;PLAZA DE LAS CORTES;5002;ROT;480;1;CENTRO              ;31;126;26,20%;34,70%;
2023;9;PLAZA DE LAS CORTES;5002;ROT;480;1;CENTRO              ;30;185;38,60%;56,40%;
2023;10;PLAZA DE LAS CORTES;5002;ROT;480;1;CENTRO              ;31;193;40,20%;59,00%;
2023;11;PLAZA DE LAS CORTES;5002;ROT;480;1;CENTRO              ;30;180;37,60%;56,40%;
2023;12;PLAZA DE LAS CORTES;5002;ROT;480;1;CENTRO              ;12;70;14,60%;21,00%;
2023;1;PLAZA DE ORIENTE;107;ROT;212;1;CENTRO              ;31;21;10,10%;19,10%;
2023;2;PLAZA DE ORIENTE;107;ROT;212;1;CENTRO              ;28;23;10,90%;20,60%;
2023;3;PLAZA DE ORIENTE;107;ROT;212;1;CENTRO              ;31;24;11,30%;21,40%;
2023;4;PLAZA DE ORIENTE;107;ROT;212;1;CENTRO              ;30;23;10,90%;20,40%;
2023;5;PLAZA DE ORIENTE;107;ROT;212;1;CENTRO              ;31;24;11,30%;21,30%;
2023;6;PLAZA DE ORIENTE;107;ROT;212;1;CENTRO              ;30;24;11,40%;21,10%;
2023;7;PLAZA DE ORIENTE;107;ROT;212;1;CENTRO              ;31;23;11,00%;20,30%;
2023;8;PLAZA DE ORIENTE;107;ROT;212;1;CENTRO              ;31;20;9,70%;18,20%;
2023;9;PLAZA DE ORIENTE;107;ROT;212;1;CENTRO              ;30;22;10,30%;19,40%;
2023;10;PLAZA DE ORIENTE;107;ROT;212;1;CENTRO              ;31;24;11,30%;21,20%;
2023;11;PLAZA DE ORIENTE;107;ROT;212;1;CENTRO              ;30;26;12,10%;22,90%;
2023;12;PLAZA DE ORIENTE;107;ROT;212;1;CENTRO              ;31;27;12,70%;23,80%;
2023;1;PLAZA DE SANTA ANA;5018;ROT;328;1;CENTRO              ;31;149;45,60%;55,50%;
2023;2;PLAZA DE SANTA ANA;5018;ROT;328;1;CENTRO              ;28;134;41,00%;51,20%;
2023;3;PLAZA DE SANTA ANA;5018;ROT;328;1;CENTRO              ;31;184;56,20%;67,90%;
2023;4;PLAZA DE SANTA ANA;5018;ROT;328;1;CENTRO              ;30;185;56,50%;67,30%;
2023;5;PLAZA DE SANTA ANA;5018;ROT;328;1;CENTRO              ;31;128;39,10%;49,20%;
2023;6;PLAZA DE SANTA ANA;5018;ROT;328;1;CENTRO              ;30;149;45,30%;53,60%;
2023;7;PLAZA DE SANTA ANA;5018;ROT;328;1;CENTRO              ;31;121;37,00%;43,40%;
2023;8;PLAZA DE SANTA ANA;5018;ROT;328;1;CENTRO              ;31;145;44,20%;49,30%;
2023;9;PLAZA DE SANTA ANA;5018;ROT;328;1;CENTRO              ;30;136;41,60%;50,00%;
2023;10;PLAZA DE SANTA ANA;5018;ROT;328;1;CENTRO              ;31;174;53,20%;51,20%;
2023;11;PLAZA DE SANTA ANA;5018;ROT;328;1;CENTRO              ;30;208;63,40%;75,60%;
2023;12;PLAZA DE SANTA ANA;5018;ROT;328;1;CENTRO              ;31;176;53,80%;66,50%;
2023;1;PLAZA DE SANTO DOMINGO;105;ROT;333;1;CENTRO;20;7;2,10%;3,60%;
2023;2;PLAZA DE SANTO DOMINGO;105;ROT;333;1;CENTRO;28;7;2,10%;3,50%;
2023;3;PLAZA DE SANTO DOMINGO;105;ROT;333;1;CENTRO;31;7;2,10%;3,50%;
2023;4;PLAZA DE SANTO DOMINGO;105;ROT;333;1;CENTRO;30;7;2,10%;3,60%;
2023;5;PLAZA DE SANTO DOMINGO;105;ROT;333;1;CENTRO;29;7;2,00%;3,40%;
2023;6;PLAZA DE SANTO DOMINGO;105;ROT;333;1;CENTRO;30;8;2,50%;4,20%;
2023;7;PLAZA DE SANTO DOMINGO;105;ROT;333;1;CENTRO;31;8;2,30%;3,80%;
2023;8;PLAZA DE SANTO DOMINGO;105;ROT;333;1;CENTRO;31;6;1,90%;3,20%;
2023;9;PLAZA DE SANTO DOMINGO;105;ROT;333;1;CENTRO;30;10;3,10%;5,20%;
2023;10;PLAZA DE SANTO DOMINGO;105;ROT;333;1;CENTRO;31;11;3,40%;5,90%;
2023;11;PLAZA DE SANTO DOMINGO;105;ROT;333;1;CENTRO;30;13;3,80%;6,70%;
2023;12;PLAZA DE SANTO DOMINGO;105;ROT;333;1;CENTRO;31;16;4,80%;8,50%;
2023;1;PLAZA DEL REY;5014;ROT;155;1;CENTRO              ;31;7;4,80%;8,20%;
2023;2;PLAZA DEL REY;5014;ROT;155;1;CENTRO              ;28;8;5,20%;9,00%;
2023;3;PLAZA DEL REY;5014;ROT;155;1;CENTRO              ;31;8;5,10%;8,60%;
2023;4;PLAZA DEL REY;5014;ROT;155;1;CENTRO              ;30;7;4,30%;7,50%;
2023;5;PLAZA DEL REY;5014;ROT;155;1;CENTRO              ;31;7;4,50%;7,60%;
2023;6;PLAZA DEL REY;5014;ROT;155;1;CENTRO              ;30;7;4,70%;8,00%;
2023;7;PLAZA DEL REY;5014;ROT;155;1;CENTRO              ;31;6;3,70%;6,10%;
2023;8;PLAZA DEL REY;5014;ROT;155;1;CENTRO              ;31;4;2,60%;4,20%;
2023;9;PLAZA DEL REY;5014;ROT;155;1;CENTRO              ;30;8;5,00%;8,50%;
2023;10;PLAZA DEL REY;5014;ROT;155;1;CENTRO              ;31;8;5,20%;8,80%;
2023;11;PLAZA DEL REY;5014;ROT;155;1;CENTRO              ;30;9;5,70%;9,70%;
2023;12;PLAZA DEL REY;5014;ROT;155;1;CENTRO              ;31;7;4,70%;8,20%;
2023;1;PLAZA MAYOR;5008;ROT;690;1;CENTRO              ;31;422;61,20%;74,70%;
2023;2;PLAZA MAYOR;5008;ROT;690;1;CENTRO              ;28;385;55,90%;67,90%;
2023;3;PLAZA MAYOR;5008;ROT;690;1;CENTRO              ;31;394;57,10%;68,10%;
2023;4;PLAZA MAYOR;5008;ROT;690;1;CENTRO              ;27;393;57,00%;67,60%;
2023;5;PLAZA MAYOR;5008;ROT;690;1;CENTRO              ;31;394;57,10%;69,10%;
2023;6;PLAZA MAYOR;5008;ROT;690;1;CENTRO              ;30;404;58,50%;69,00%;
2023;7;PLAZA MAYOR;5008;ROT;690;1;CENTRO              ;31;391;56,70%;65,60%;
2023;8;PLAZA MAYOR;5008;ROT;690;1;CENTRO              ;31;396;57,40%;65,80%;
2023;9;PLAZA MAYOR;5008;ROT;690;1;CENTRO              ;30;400;58,00%;68,40%;
2023;10;PLAZA MAYOR;5008;ROT;690;1;CENTRO              ;31;397;57,50%;68,30%;
2023;11;PLAZA MAYOR;5008;ROT;690;1;CENTRO              ;29;405;58,70%;71,80%;
2023;12;PLAZA MAYOR;5008;ROT;690;1;CENTRO              ;31;473;68,50%;84,30%;
2023;1;PRESIDENTE CARMONA;618;ROT;127;6;TETUAN              ;31;8;6,10%;7,60%;
2023;2;PRESIDENTE CARMONA;618;ROT;127;6;TETUAN              ;28;8;5,90%;7,30%;
2023;3;PRESIDENTE CARMONA;618;ROT;127;6;TETUAN              ;31;7;5,90%;7,40%;
2023;4;PRESIDENTE CARMONA;618;ROT;127;6;TETUAN              ;30;8;6,20%;7,90%;
2023;5;PRESIDENTE CARMONA;618;ROT;127;6;TETUAN              ;31;7;5,90%;7,30%;
2023;6;PRESIDENTE CARMONA;618;ROT;127;6;TETUAN              ;30;8;6,00%;7,30%;
2023;7;PRESIDENTE CARMONA;618;ROT;127;6;TETUAN              ;31;7;5,80%;7,00%;
2023;8;PRESIDENTE CARMONA;618;ROT;127;6;TETUAN              ;31;4;3,10%;3,80%;
2023;9;PRESIDENTE CARMONA;618;ROT;127;6;TETUAN              ;30;8;5,90%;6,70%;
2023;10;PRESIDENTE CARMONA;618;ROT;127;6;TETUAN              ;31;8;6,20%;7,30%;
2023;11;PRESIDENTE CARMONA;618;ROT;127;6;TETUAN              ;30;9;6,90%;8,10%;
2023;12;PRESIDENTE CARMONA;618;ROT;127;6;TETUAN              ;31;9;7,10%;8,40%;
2023;1;PRíNCIPE DE VERGARA (AUDITORIO);5015;ROT;366;5;CHAMARTIN           ;31;7;1,90%;3,80%;
2023;2;PRíNCIPE DE VERGARA (AUDITORIO);5015;ROT;366;5;CHAMARTIN           ;28;8;2,20%;4,30%;
2023;3;PRíNCIPE DE VERGARA (AUDITORIO);5015;ROT;366;5;CHAMARTIN           ;31;7;1,90%;3,70%;
2023;4;PRíNCIPE DE VERGARA (AUDITORIO);5015;ROT;366;5;CHAMARTIN           ;30;5;1,40%;2,50%;
2023;5;PRíNCIPE DE VERGARA (AUDITORIO);5015;ROT;366;5;CHAMARTIN           ;31;6;1,70%;3,20%;
2023;6;PRíNCIPE DE VERGARA (AUDITORIO);5015;ROT;366;5;CHAMARTIN           ;30;6;1,60%;3,00%;
2023;7;PRíNCIPE DE VERGARA (AUDITORIO);5015;ROT;366;5;CHAMARTIN           ;31;2;0,50%;1,00%;
2023;8;PRíNCIPE DE VERGARA (AUDITORIO);5015;ROT;366;5;CHAMARTIN           ;28;0;0,10%;0,20%;
2023;9;PRíNCIPE DE VERGARA (AUDITORIO);5015;ROT;366;5;CHAMARTIN           ;30;4;1,00%;1,70%;
2023;10;PRíNCIPE DE VERGARA (AUDITORIO);5015;ROT;366;5;CHAMARTIN           ;31;5;1,50%;2,80%;
2023;11;PRíNCIPE DE VERGARA (AUDITORIO);5015;ROT;366;5;CHAMARTIN           ;30;8;2,30%;4,30%;
2023;12;PRíNCIPE DE VERGARA (AUDITORIO);5015;ROT;366;5;CHAMARTIN           ;31;8;2,30%;4,10%;
2023;1;PUERTA DE TOLEDO;5016;ROT;240;1;CENTRO              ;31;20;8,20%;13,60%;
2023;2;PUERTA DE TOLEDO;5016;ROT;240;1;CENTRO              ;28;22;9,30%;15,40%;
2023;3;PUERTA DE TOLEDO;5016;ROT;240;1;CENTRO              ;31;23;9,50%;14,80%;
2023;4;PUERTA DE TOLEDO;5016;ROT;240;1;CENTRO              ;30;18;7,70%;12,60%;
2023;5;PUERTA DE TOLEDO;5016;ROT;240;1;CENTRO              ;31;18;7,50%;12,30%;
2023;6;PUERTA DE TOLEDO;5016;ROT;240;1;CENTRO              ;30;17;7,00%;11,70%;
2023;7;PUERTA DE TOLEDO;5016;ROT;240;1;CENTRO              ;31;14;5,90%;9,90%;
2023;8;PUERTA DE TOLEDO;5016;ROT;240;1;CENTRO              ;31;10;4,10%;6,50%;
2023;9;PUERTA DE TOLEDO;5016;ROT;240;1;CENTRO              ;30;17;7,00%;11,80%;
2023;10;PUERTA DE TOLEDO;5016;ROT;240;1;CENTRO              ;31;20;8,40%;13,90%;
2023;11;PUERTA DE TOLEDO;5016;ROT;240;1;CENTRO              ;30;19;8,10%;13,50%;
2023;12;PUERTA DE TOLEDO;5016;ROT;240;1;CENTRO              ;31;19;7,80%;12,60%;
2023;1;REPÚBLICA DOMINICANA;512;ROT;210;5;CHAMARTIN           ;31;15;7,00%;11,00%;
2023;2;REPÚBLICA DOMINICANA;512;ROT;210;5;CHAMARTIN           ;28;18;8,50%;13,40%;
2023;3;REPÚBLICA DOMINICANA;512;ROT;210;5;CHAMARTIN           ;31;19;9,20%;13,50%;
2023;4;REPÚBLICA DOMINICANA;512;ROT;210;5;CHAMARTIN           ;30;13;6,20%;9,20%;
2023;5;REPÚBLICA DOMINICANA;512;ROT;210;5;CHAMARTIN           ;31;16;7,60%;10,60%;
2023;6;REPÚBLICA DOMINICANA;512;ROT;210;5;CHAMARTIN           ;30;16;7,60%;11,50%;
2023;7;REPÚBLICA DOMINICANA;512;ROT;210;5;CHAMARTIN           ;31;12;5,80%;8,70%;
2023;8;REPÚBLICA DOMINICANA;512;ROT;210;5;CHAMARTIN           ;31;6;2,80%;4,00%;
2023;9;REPÚBLICA DOMINICANA;512;ROT;210;5;CHAMARTIN           ;30;15;7,10%;11,10%;
2023;10;REPÚBLICA DOMINICANA;512;ROT;210;5;CHAMARTIN           ;31;15;7,20%;11,10%;
2023;11;REPÚBLICA DOMINICANA;512;ROT;210;5;CHAMARTIN           ;30;19;9,10%;13,60%;
2023;12;REPÚBLICA DOMINICANA;512;ROT;210;5;CHAMARTIN           ;31;19;9,20%;13,40%;
2023;1;REYES MAGOS;311;ROT;356;3;RETIRO              ;31;4;1,10%;0,10%;
2023;2;REYES MAGOS;311;ROT;356;3;RETIRO              ;28;4;1,20%;0,10%;
2023;3;REYES MAGOS;311;ROT;356;3;RETIRO              ;31;4;1,20%;0,10%;
2023;4;REYES MAGOS;311;ROT;356;3;RETIRO              ;30;4;1,00%;0,10%;
2023;5;REYES MAGOS;311;ROT;356;3;RETIRO              ;31;5;1,30%;0,10%;
2023;6;REYES MAGOS;311;ROT;356;3;RETIRO              ;30;7;1,90%;0,10%;
2023;7;REYES MAGOS;311;ROT;356;3;RETIRO              ;31;3;0,80%;0,10%;
2023;8;REYES MAGOS;311;ROT;356;3;RETIRO              ;31;1;0,40%;0,00%;
2023;1;SAN CAYETANO;427;ROT;222;4;SALAMANCA           ;31;5;2,30%;4,30%;
2023;2;SAN CAYETANO;427;ROT;222;4;SALAMANCA           ;28;6;2,60%;4,80%;
2023;3;SAN CAYETANO;427;ROT;222;4;SALAMANCA           ;31;6;2,60%;4,80%;
2023;4;SAN CAYETANO;427;ROT;222;4;SALAMANCA           ;30;5;2,10%;3,90%;
2023;5;SAN CAYETANO;427;ROT;222;4;SALAMANCA           ;31;7;3,20%;6,00%;
2023;6;SAN CAYETANO;427;ROT;222;4;SALAMANCA           ;30;6;2,80%;5,30%;
2023;7;SAN CAYETANO;427;ROT;222;4;SALAMANCA           ;31;3;1,50%;2,80%;
2023;8;SAN CAYETANO;427;ROT;222;4;SALAMANCA           ;31;2;0,80%;1,40%;
2023;9;SAN CAYETANO;427;ROT;222;4;SALAMANCA           ;30;5;2,20%;4,10%;
2023;10;SAN CAYETANO;427;ROT;222;4;SALAMANCA           ;31;5;2,40%;4,50%;
2023;11;SAN CAYETANO;427;ROT;222;4;SALAMANCA           ;30;5;2,40%;4,30%;
2023;12;SAN CAYETANO;427;ROT;222;4;SALAMANCA           ;31;4;2,00%;3,70%;
2023;1;SAN GERMÁN II;613;ROT;419;6;TETUAN              ;31;29;6,90%;8,30%;
2023;2;SAN GERMÁN II;613;ROT;419;6;TETUAN              ;28;33;7,90%;9,80%;
2023;3;SAN GERMÁN II;613;ROT;419;6;TETUAN              ;31;27;6,50%;8,30%;
2023;4;SAN GERMÁN II;613;ROT;419;6;TETUAN              ;30;31;7,50%;8,40%;
2023;5;SAN GERMÁN II;613;ROT;419;6;TETUAN              ;31;23;5,60%;7,30%;
2023;6;SAN GERMÁN II;613;ROT;419;6;TETUAN              ;30;20;4,80%;7,70%;
2023;7;SAN GERMÁN II;613;ROT;419;6;TETUAN              ;31;13;3,10%;4,90%;
2023;8;SAN GERMÁN II;613;ROT;419;6;TETUAN              ;31;8;1,80%;2,60%;
2023;9;SAN GERMÁN II;613;ROT;419;6;TETUAN              ;30;24;5,80%;8,20%;
2023;10;SAN GERMÁN II;613;ROT;419;6;TETUAN              ;31;20;4,70%;7,40%;
2023;11;SAN GERMÁN II;613;ROT;419;6;TETUAN              ;30;32;7,70%;9,20%;
2023;12;SAN GERMÁN II;613;ROT;419;6;TETUAN              ;31;29;6,90%;8,90%;
2023;1;SÁNCHEZ BUSTILLO;104;ROT;132;1;CENTRO              ;31;19;14,40%;22,90%;
2023;2;SÁNCHEZ BUSTILLO;104;ROT;132;1;CENTRO              ;28;19;14,30%;22,80%;
2023;3;SÁNCHEZ BUSTILLO;104;ROT;132;1;CENTRO              ;31;19;14,50%;22,90%;
2023;4;SÁNCHEZ BUSTILLO;104;ROT;132;1;CENTRO              ;30;16;12,30%;19,10%;
2023;5;SÁNCHEZ BUSTILLO;104;ROT;132;1;CENTRO              ;31;18;13,70%;21,80%;
2023;6;SÁNCHEZ BUSTILLO;104;ROT;132;1;CENTRO              ;30;19;14,30%;22,40%;
2023;7;SÁNCHEZ BUSTILLO;104;ROT;132;1;CENTRO              ;31;15;11,00%;16,60%;
2023;8;SÁNCHEZ BUSTILLO;104;ROT;132;1;CENTRO              ;31;10;7,70%;11,20%;
2023;9;SÁNCHEZ BUSTILLO;104;ROT;132;1;CENTRO              ;30;18;13,30%;20,70%;
2023;10;SÁNCHEZ BUSTILLO;104;ROT;132;1;CENTRO              ;31;19;14,50%;23,00%;
2023;11;SÁNCHEZ BUSTILLO;104;ROT;132;1;CENTRO              ;30;20;15,30%;24,30%;
2023;12;SÁNCHEZ BUSTILLO;104;ROT;132;1;CENTRO              ;31;20;14,80%;22,90%;
2023;1;SERRANO I;432;ROT;307;4;SALAMANCA           ;31;77;25,20%;44,20%;
2023;2;SERRANO I;432;ROT;307;4;SALAMANCA           ;28;78;25,40%;45,40%;
2023;3;SERRANO I;432;ROT;307;4;SALAMANCA           ;31;81;26,30%;47,50%;
2023;4;SERRANO I;432;ROT;307;4;SALAMANCA           ;30;73;23,90%;41,70%;
2023;5;SERRANO I;432;ROT;307;4;SALAMANCA           ;27;80;26,00%;46,70%;
2023;6;SERRANO I;432;ROT;307;4;SALAMANCA           ;30;76;24,80%;44,00%;
2023;7;SERRANO I;432;ROT;307;4;SALAMANCA           ;31;52;16,80%;30,30%;
2023;8;SERRANO I;432;ROT;307;4;SALAMANCA           ;31;43;14,10%;19,40%;
2023;9;SERRANO I;432;ROT;307;4;SALAMANCA           ;30;93;30,20%;46,90%;
2023;10;SERRANO I;432;ROT;307;4;SALAMANCA           ;31;96;31,20%;49,10%;
2023;11;SERRANO I;432;ROT;307;4;SALAMANCA           ;30;109;35,50%;54,60%;
2023;12;SERRANO I;432;ROT;307;4;SALAMANCA           ;31;96;31,30%;46,20%;
2023;1;SERRANO II;433;ROT;379;4;SALAMANCA           ;31;91;24,00%;44,70%;
2023;2;SERRANO II;433;ROT;379;4;SALAMANCA           ;28;95;25,00%;46,00%;
2023;3;SERRANO II;433;ROT;379;4;SALAMANCA           ;31;92;24,30%;41,80%;
2023;4;SERRANO II;433;ROT;379;4;SALAMANCA           ;30;77;20,30%;37,10%;
2023;5;SERRANO II;433;ROT;379;4;SALAMANCA           ;27;88;23,30%;43,50%;
2023;6;SERRANO II;433;ROT;379;4;SALAMANCA           ;30;90;23,80%;44,90%;
2023;7;SERRANO II;433;ROT;379;4;SALAMANCA           ;31;69;18,10%;34,10%;
2023;8;SERRANO II;433;ROT;379;4;SALAMANCA           ;31;57;15,20%;23,60%;
2023;9;SERRANO II;433;ROT;379;4;SALAMANCA           ;30;111;29,20%;48,90%;
2023;10;SERRANO II;433;ROT;379;4;SALAMANCA           ;31;117;30,80%;51,50%;
2023;11;SERRANO II;433;ROT;379;4;SALAMANCA           ;30;127;33,40%;56,10%;
2023;12;SERRANO II;433;ROT;379;4;SALAMANCA           ;31;122;32,20%;51,40%;
2023;1;SERRANO III;434;ROT;261;4;SALAMANCA           ;31;87;33,30%;58,40%;
2023;2;SERRANO III;434;ROT;261;4;SALAMANCA           ;28;90;34,50%;60,00%;
2023;3;SERRANO III;434;ROT;261;4;SALAMANCA           ;31;87;33,40%;59,00%;
2023;4;SERRANO III;434;ROT;261;4;SALAMANCA           ;30;86;33,10%;57,30%;
2023;5;SERRANO III;434;ROT;261;4;SALAMANCA           ;26;86;33,10%;58,30%;
2023;6;SERRANO III;434;ROT;261;4;SALAMANCA           ;30;90;34,40%;58,90%;
2023;7;SERRANO III;434;ROT;261;4;SALAMANCA           ;31;43;16,50%;28,10%;
2023;8;SERRANO III;434;ROT;261;4;SALAMANCA           ;31;46;17,50%;25,60%;
2023;9;SERRANO III;434;ROT;261;4;SALAMANCA           ;30;110;42,00%;66,00%;
2023;10;SERRANO III;434;ROT;261;4;SALAMANCA           ;31;114;43,80%;69,10%;
2023;11;SERRANO III;434;ROT;261;4;SALAMANCA           ;30;121;46,30%;73,20%;
2023;12;SERRANO III;434;ROT;261;4;SALAMANCA           ;31;129;49,30%;74,00%;
2023;1;SEVILLA;114;ROT;393;1;CENTRO              ;31;36;9,30%;16,60%;
2023;2;SEVILLA;114;ROT;393;1;CENTRO              ;28;38;9,70%;17,40%;
2023;3;SEVILLA;114;ROT;393;1;CENTRO              ;31;39;9,90%;17,60%;
2023;4;SEVILLA;114;ROT;393;1;CENTRO              ;30;34;8,60%;15,10%;
2023;5;SEVILLA;114;ROT;393;1;CENTRO              ;31;35;8,80%;15,40%;
2023;6;SEVILLA;114;ROT;393;1;CENTRO              ;30;39;9,90%;17,20%;
2023;7;SEVILLA;114;ROT;393;1;CENTRO              ;31;27;6,80%;11,60%;
2023;8;SEVILLA;114;ROT;393;1;CENTRO              ;31;27;6,90%;11,70%;
2023;9;SEVILLA;114;ROT;393;1;CENTRO              ;30;38;9,70%;17,20%;
2023;10;SEVILLA;114;ROT;393;1;CENTRO              ;31;39;9,80%;17,30%;
2023;11;SEVILLA;114;ROT;393;1;CENTRO              ;30;38;9,80%;17,20%;
2023;12;SEVILLA;114;ROT;393;1;CENTRO              ;31;43;10,90%;19,00%;
2023;1;VELÁZQUEZ AYALA;424;ROT;444;4;SALAMANCA           ;31;162;36,50%;57,20%;
2023;2;VELÁZQUEZ AYALA;424;ROT;444;4;SALAMANCA           ;28;168;37,90%;58,70%;
2023;3;VELÁZQUEZ AYALA;424;ROT;444;4;SALAMANCA           ;31;163;36,60%;57,80%;
2023;4;VELÁZQUEZ AYALA;424;ROT;444;4;SALAMANCA           ;30;135;30,40%;47,30%;
2023;5;VELÁZQUEZ AYALA;424;ROT;444;4;SALAMANCA           ;31;155;35,00%;55,00%;
2023;6;VELÁZQUEZ AYALA;424;ROT;444;4;SALAMANCA           ;30;167;37,60%;59,10%;
2023;7;VELÁZQUEZ AYALA;424;ROT;444;4;SALAMANCA           ;31;131;29,50%;45,30%;
2023;8;VELÁZQUEZ AYALA;424;ROT;444;4;SALAMANCA           ;31;70;15,80%;22,70%;
2023;9;VELÁZQUEZ AYALA;424;ROT;444;4;SALAMANCA           ;30;161;36,40%;56,10%;
2023;10;VELÁZQUEZ AYALA;424;ROT;444;4;SALAMANCA           ;31;154;34,80%;55,40%;
2023;11;VELÁZQUEZ AYALA;424;ROT;444;4;SALAMANCA           ;30;159;35,70%;56,10%;
2023;12;VELÁZQUEZ AYALA;424;ROT;444;4;SALAMANCA           ;31;153;34,50%;51,50%;
2023;1;VELÁZQUEZ JORGE JUAN;423;ROT;547;4;SALAMANCA           ;31;194;35,50%;53,90%;
2023;2;VELÁZQUEZ JORGE JUAN;423;ROT;547;4;SALAMANCA           ;28;200;36,70%;56,10%;
2023;3;VELÁZQUEZ JORGE JUAN;423;ROT;547;4;SALAMANCA           ;31;204;37,30%;57,00%;
2023;4;VELÁZQUEZ JORGE JUAN;423;ROT;547;4;SALAMANCA           ;30;171;31,20%;46,50%;
2023;5;VELÁZQUEZ JORGE JUAN;423;ROT;547;4;SALAMANCA           ;31;211;38,50%;57,60%;
2023;6;VELÁZQUEZ JORGE JUAN;423;ROT;547;4;SALAMANCA           ;30;211;38,70%;58,40%;
2023;7;VELÁZQUEZ JORGE JUAN;423;ROT;547;4;SALAMANCA           ;31;147;26,90%;39,40%;
2023;8;VELÁZQUEZ JORGE JUAN;423;ROT;547;4;SALAMANCA           ;31;76;13,80%;19,30%;
2023;9;VELÁZQUEZ JORGE JUAN;423;ROT;547;4;SALAMANCA           ;30;193;35,30%;52,70%;
2023;10;VELÁZQUEZ JORGE JUAN;423;ROT;547;4;SALAMANCA           ;31;208;38,10%;56,00%;
2023;11;VELÁZQUEZ JORGE JUAN;423;ROT;547;4;SALAMANCA           ;30;225;41,10%;59,80%;
2023;12;VELÁZQUEZ JORGE JUAN;423;ROT;547;4;SALAMANCA           ;31;229;41,90%;58,30%;
2023;1;VELÁZQUEZ JUAN BRAVO;5019;ROT;360;4;SALAMANCA           ;31;75;20,80%;34,60%;
2023;2;VELÁZQUEZ JUAN BRAVO;5019;ROT;360;4;SALAMANCA           ;28;73;20,20%;33,80%;
2023;3;VELÁZQUEZ JUAN BRAVO;5019;ROT;360;4;SALAMANCA           ;31;75;20,80%;35,10%;
2023;4;VELÁZQUEZ JUAN BRAVO;5019;ROT;360;4;SALAMANCA           ;30;70;19,50%;32,60%;
2023;5;VELÁZQUEZ JUAN BRAVO;5019;ROT;360;4;SALAMANCA           ;31;83;23,10%;39,00%;
2023;6;VELÁZQUEZ JUAN BRAVO;5019;ROT;360;4;SALAMANCA           ;30;88;24,40%;41,50%;
2023;7;VELÁZQUEZ JUAN BRAVO;5019;ROT;360;4;SALAMANCA           ;31;67;18,50%;30,40%;
2023;8;VELÁZQUEZ JUAN BRAVO;5019;ROT;360;4;SALAMANCA           ;31;35;9,80%;13,40%;
2023;9;VELÁZQUEZ JUAN BRAVO;5019;ROT;360;4;SALAMANCA           ;30;82;22,70%;38,10%;
2023;10;VELÁZQUEZ JUAN BRAVO;5019;ROT;360;4;SALAMANCA           ;31;79;22,00%;37,30%;
2023;11;VELÁZQUEZ JUAN BRAVO;5019;ROT;360;4;SALAMANCA           ;30;88;24,40%;41,50%;
2023;12;VELÁZQUEZ JUAN BRAVO;5019;ROT;360;4;SALAMANCA           ;31;71;19,80%;32,40%;
2023;1;VERDAGUER Y GARCÍA;1524;ROT;83;15;CIUDAD LINEAL       ;31;23;27,50%;42,00%;
2023;2;VERDAGUER Y GARCÍA;1524;ROT;83;15;CIUDAD LINEAL       ;28;24;28,50%;45,40%;
2023;3;VERDAGUER Y GARCÍA;1524;ROT;83;15;CIUDAD LINEAL       ;31;16;19,80%;30,50%;
2023;4;VERDAGUER Y GARCÍA;1524;ROT;83;15;CIUDAD LINEAL       ;30;17;20,80%;27,70%;
2023;5;VERDAGUER Y GARCÍA;1524;ROT;83;15;CIUDAD LINEAL       ;31;15;18,30%;26,20%;
2023;6;VERDAGUER Y GARCÍA;1524;ROT;83;15;CIUDAD LINEAL       ;30;15;17,80%;25,00%;
2023;7;VERDAGUER Y GARCÍA;1524;ROT;83;15;CIUDAD LINEAL       ;31;11;12,70%;19,10%;
2023;8;VERDAGUER Y GARCÍA;1524;ROT;83;15;CIUDAD LINEAL       ;31;15;18,30%;22,70%;
2023;9;VERDAGUER Y GARCÍA;1524;ROT;83;15;CIUDAD LINEAL       ;30;13;15,10%;23,70%;
2023;10;VERDAGUER Y GARCÍA;1524;ROT;83;15;CIUDAD LINEAL       ;31;15;17,60%;27,10%;
2023;11;VERDAGUER Y GARCÍA;1524;ROT;83;15;CIUDAD LINEAL       ;30;13;15,90%;25,60%;
2023;12;VERDAGUER Y GARCÍA;1524;ROT;83;15;CIUDAD LINEAL       ;31;14;16,90%;26,50%;
2023;1;VILLA DE PARÍS;5020;ROT;179;1;CENTRO              ;31;117;65,40%;79,80%;
2023;2;VILLA DE PARÍS;5020;ROT;179;1;CENTRO              ;28;124;69,40%;85,00%;
2023;3;VILLA DE PARÍS;5020;ROT;179;1;CENTRO              ;31;126;70,30%;84,20%;
2023;4;VILLA DE PARÍS;5020;ROT;179;1;CENTRO              ;27;118;65,80%;79,10%;
2023;5;VILLA DE PARÍS;5020;ROT;179;1;CENTRO              ;31;125;69,60%;85,00%;
2023;6;VILLA DE PARÍS;5020;ROT;179;1;CENTRO              ;30;131;73,20%;87,60%;
2023;7;VILLA DE PARÍS;5020;ROT;179;1;CENTRO              ;31;121;67,80%;79,70%;
2023;8;VILLA DE PARÍS;5020;ROT;179;1;CENTRO              ;31;104;58,30%;66,40%;
2023;9;VILLA DE PARÍS;5020;ROT;179;1;CENTRO              ;30;125;69,90%;83,00%;
2023;10;VILLA DE PARÍS;5020;ROT;179;1;CENTRO              ;31;125;69,90%;84,00%;
2023;11;VILLA DE PARÍS;5020;ROT;179;1;CENTRO              ;29;124;69,40%;85,00%;
2023;12;VILLA DE PARÍS;5020;ROT;179;1;CENTRO              ;31;123;68,80%;81,70%;
